setting,val_mcc
3-view MCC-weighted,0.7456425888566318
3-view eq,0.7455801289994404
morph+char,0.7450118907421797
morph-heavy,0.7445605488314456
char (single),0.7373464247319438
morph (single),0.736966810037629
char+senti,0.7358908948043893
morph+senti,0.7313726638797154
senti (single),0.6714013088323507
